<profile version="1.0">
  <option name="myName" value="Default" />
  <inspection_tool class="AnonymousFunctionJS" enabled="true" level="WARNING" enabled_by_default="true" />
  <inspection_tool class="AppEngineDeprecatedRuntimeInspection" enabled="false" level="WARNING" enabled_by_default="false" />
  <inspection_tool class="AppEngineThreadsafeCGIHandlerInspection" enabled="false" level="WARNING" enabled_by_default="false" />
  <inspection_tool class="AppEngineThreadsafeInspection" enabled="false" level="WARNING" enabled_by_default="false" />
  <inspection_tool class="AssignmentResultUsedJS" enabled="true" level="WARNING" enabled_by_default="true" />
  <inspection_tool class="AssignmentToForLoopParameterJS" enabled="true" level="WARNING" enabled_by_default="true" />
  <inspection_tool class="AssignmentToFunctionParameterJS" enabled="true" level="WARNING" enabled_by_default="true" />
  <inspection_tool class="BlockStatementJS" enabled="true" level="WARNING" enabled_by_default="true" />
  <inspection_tool class="BreakStatementJS" enabled="true" level="WARNING" enabled_by_default="true" />
  <inspection_tool class="BreakStatementWithLabelJS" enabled="true" level="WARNING" enabled_by_default="true" />
  <inspection_tool class="BuildoutUnresolvedPartInspection" enabled="false" level="WARNING" enabled_by_default="false" />
  <inspection_tool class="ChainedEqualityJS" enabled="true" level="WARNING" enabled_by_default="true" />
  <inspection_tool class="ChainedFunctionCallJS" enabled="true" level="WARNING" enabled_by_default="true" />
  <inspection_tool class="CheckEmptyScriptTag" enabled="false" level="WARNING" enabled_by_default="false" />
  <inspection_tool class="CheckImageSize" enabled="false" level="WARNING" enabled_by_default="false" />
  <inspection_tool class="CoffeeScriptArgumentsOutsideFunction" enabled="false" level="WARNING" enabled_by_default="false" />
  <inspection_tool class="CoffeeScriptFunctionSignatures" enabled="false" level="WEAK WARNING" enabled_by_default="false" />
  <inspection_tool class="CoffeeScriptInfiniteLoop" enabled="false" level="WARNING" enabled_by_default="false" />
  <inspection_tool class="CoffeeScriptLiteralNotFunction" enabled="false" level="ERROR" enabled_by_default="false" />
  <inspection_tool class="CoffeeScriptSillyAssignment" enabled="false" level="WARNING" enabled_by_default="false" />
  <inspection_tool class="CoffeeScriptSwitchStatementWithNoDefaultBranch" enabled="false" level="WARNING" enabled_by_default="false" />
  <inspection_tool class="CoffeeScriptUnusedLocalSymbols" enabled="false" level="WARNING" enabled_by_default="false" />
  <inspection_tool class="ConditionalExpressionJS" enabled="true" level="WARNING" enabled_by_default="true" />
  <inspection_tool class="ConditionalExpressionWithIdenticalBranchesJS" enabled="true" level="WARNING" enabled_by_default="true" />
  <inspection_tool class="ConfusingFloatingPointLiteralJS" enabled="true" level="WARNING" enabled_by_default="true" />
  <inspection_tool class="ConfusingPlusesOrMinusesJS" enabled="true" level="WARNING" enabled_by_default="true" />
  <inspection_tool class="ConstantOnLHSOfComparisonJS" enabled="true" level="WARNING" enabled_by_default="true" />
  <inspection_tool class="ConstantOnRHSOfComparisonJS" enabled="true" level="WARNING" enabled_by_default="true" />
  <inspection_tool class="ContinueStatementJS" enabled="true" level="WARNING" enabled_by_default="true" />
  <inspection_tool class="ContinueStatementWithLabelJS" enabled="true" level="WARNING" enabled_by_default="true" />
  <inspection_tool class="CssMissingSemicolon" enabled="true" level="WARNING" enabled_by_default="true" />
  <inspection_tool class="CssOptimizeSimilarProperties" enabled="false" level="WEAK WARNING" enabled_by_default="false" />
  <inspection_tool class="CssOverwrittenProperties" enabled="false" level="WARNING" enabled_by_default="false" />
  <inspection_tool class="CssUnusedSymbol" enabled="false" level="WARNING" enabled_by_default="false" />
  <inspection_tool class="CucumberExamplesColon" enabled="false" level="ERROR" enabled_by_default="false" />
  <inspection_tool class="CucumberMissedExamples" enabled="false" level="ERROR" enabled_by_default="false" />
  <inspection_tool class="CucumberTableInspection" enabled="false" level="WARNING" enabled_by_default="false" />
  <inspection_tool class="CucumberUndefinedStep" enabled="false" level="WARNING" enabled_by_default="false" />
  <inspection_tool class="CyclomaticComplexityJS" enabled="true" level="WARNING" enabled_by_default="true">
    <option name="m_limit" value="10" />
  </inspection_tool>
  <inspection_tool class="DebuggerStatementJS" enabled="true" level="WARNING" enabled_by_default="true" />
  <inspection_tool class="DefaultNotLastCaseInSwitchJS" enabled="true" level="WARNING" enabled_by_default="true" />
  <inspection_tool class="DivideByZeroJS" enabled="true" level="WARNING" enabled_by_default="true" />
  <inspection_tool class="DjangoUnresolvedUrlInspection" enabled="true" level="WEAK WARNING" enabled_by_default="true" />
  <inspection_tool class="DocumentWriteJS" enabled="true" level="WARNING" enabled_by_default="true" />
  <inspection_tool class="DuplicateConditionJS" enabled="true" level="WARNING" enabled_by_default="true" />
  <inspection_tool class="DuplicateKeyInSection" enabled="false" level="WARNING" enabled_by_default="false" />
  <inspection_tool class="DuplicateSectionInFile" enabled="false" level="WARNING" enabled_by_default="false" />
  <inspection_tool class="Duplicates" enabled="false" level="WEAK WARNING" enabled_by_default="false" />
  <inspection_tool class="DynamicallyGeneratedCodeJS" enabled="true" level="WARNING" enabled_by_default="true" />
  <inspection_tool class="ES6Validation" enabled="true" level="WARNING" enabled_by_default="true" />
  <inspection_tool class="EmptyCatchBlockJS" enabled="true" level="WARNING" enabled_by_default="true" />
  <inspection_tool class="EmptyEventHandler" enabled="false" level="WARNING" enabled_by_default="false" />
  <inspection_tool class="EmptyFinallyBlockJS" enabled="true" level="WARNING" enabled_by_default="true" />
  <inspection_tool class="EmptyTryBlockJS" enabled="true" level="WARNING" enabled_by_default="true" />
  <inspection_tool class="EqualityComparisonWithCoercionJS" enabled="true" level="WARNING" enabled_by_default="true" />
  <inspection_tool class="FlowJSCoverage" enabled="true" level="WEAK WARNING" enabled_by_default="true" />
  <inspection_tool class="FlowJSError" enabled="true" level="ERROR" enabled_by_default="true" />
  <inspection_tool class="ForLoopReplaceableByWhileJS" enabled="true" level="WARNING" enabled_by_default="true">
    <option name="m_ignoreLoopsWithoutConditions" value="false" />
  </inspection_tool>
  <inspection_tool class="ForLoopThatDoesntUseLoopVariableJS" enabled="true" level="WARNING" enabled_by_default="true" />
  <inspection_tool class="FunctionNamingConventionJS" enabled="true" level="WARNING" enabled_by_default="true">
    <option name="m_regex" value="[a-z][A-Za-z]*" />
    <option name="m_minLength" value="4" />
    <option name="m_maxLength" value="32" />
  </inspection_tool>
  <inspection_tool class="FunctionWithInconsistentReturnsJS" enabled="true" level="WARNING" enabled_by_default="true" />
  <inspection_tool class="FunctionWithMultipleLoopsJS" enabled="true" level="WARNING" enabled_by_default="true" />
  <inspection_tool class="FunctionWithMultipleReturnPointsJS" enabled="true" level="WARNING" enabled_by_default="true" />
  <inspection_tool class="GherkinBrokenTableInspection" enabled="false" level="ERROR" enabled_by_default="false" />
  <inspection_tool class="GherkinMisplacedBackground" enabled="false" level="ERROR" enabled_by_default="false" />
  <inspection_tool class="HamlNestedTagContent" enabled="false" level="WARNING" enabled_by_default="false" />
  <inspection_tool class="HtmlDeprecatedTag" enabled="false" level="WARNING" enabled_by_default="false" />
  <inspection_tool class="HtmlExtraClosingTag" enabled="false" level="WARNING" enabled_by_default="false" />
  <inspection_tool class="HtmlFormInputWithoutLabel" enabled="false" level="WARNING" enabled_by_default="false" />
  <inspection_tool class="HtmlPresentationalElement" enabled="false" level="WARNING" enabled_by_default="false" />
  <inspection_tool class="HtmlUnknownAnchorTarget" enabled="false" level="WARNING" enabled_by_default="false" />
  <inspection_tool class="HtmlUnknownAttribute" enabled="false" level="WARNING" enabled_by_default="false">
    <option name="myValues">
      <value>
        <list size="0" />
      </value>
    </option>
    <option name="myCustomValuesEnabled" value="true" />
  </inspection_tool>
  <inspection_tool class="HtmlUnknownBooleanAttribute" enabled="false" level="WARNING" enabled_by_default="false" />
  <inspection_tool class="HtmlUnknownTarget" enabled="false" level="WARNING" enabled_by_default="false" />
  <inspection_tool class="IfStatementWithIdenticalBranchesJS" enabled="true" level="WARNING" enabled_by_default="true" />
  <inspection_tool class="IfStatementWithTooManyBranchesJS" enabled="true" level="WARNING" enabled_by_default="true">
    <option name="m_limit" value="3" />
  </inspection_tool>
  <inspection_tool class="IncrementDecrementResultUsedJS" enabled="true" level="WARNING" enabled_by_default="true" />
  <inspection_tool class="InnerHTMLJS" enabled="true" level="WARNING" enabled_by_default="true" />
  <inspection_tool class="JSClassNamingConvention" enabled="true" level="WARNING" enabled_by_default="true" />
  <inspection_tool class="JSDeclarationsAtScopeStart" enabled="true" level="WEAK WARNING" enabled_by_default="true" />
  <inspection_tool class="JSHint" enabled="true" level="ERROR" enabled_by_default="true" />
  <inspection_tool class="JSLint" enabled="true" level="ERROR" enabled_by_default="true" />
  <inspection_tool class="LabeledStatementJS" enabled="true" level="WARNING" enabled_by_default="true" />
  <inspection_tool class="LessResolvedByNameOnly" enabled="false" level="WEAK WARNING" enabled_by_default="false" />
  <inspection_tool class="LessUnresolvedMixin" enabled="false" level="WARNING" enabled_by_default="false" />
  <inspection_tool class="LessUnresolvedVariable" enabled="false" level="WARNING" enabled_by_default="false" />
  <inspection_tool class="LocalVariableNamingConventionJS" enabled="true" level="WARNING" enabled_by_default="true">
    <option name="m_regex" value="[a-z][A-Za-z]*" />
    <option name="m_minLength" value="1" />
    <option name="m_maxLength" value="32" />
  </inspection_tool>
  <inspection_tool class="LossyEncoding" enabled="false" level="WARNING" enabled_by_default="false" />
  <inspection_tool class="MagicNumberJS" enabled="true" level="WARNING" enabled_by_default="true" />
  <inspection_tool class="MakoArgumentListInspection" enabled="false" level="WARNING" enabled_by_default="false" />
  <inspection_tool class="NegatedConditionalExpressionJS" enabled="true" level="WARNING" enabled_by_default="true" />
  <inspection_tool class="NegatedIfStatementJS" enabled="true" level="WARNING" enabled_by_default="true" />
  <inspection_tool class="NestedAssignmentJS" enabled="true" level="WARNING" enabled_by_default="true" />
  <inspection_tool class="NestedConditionalExpressionJS" enabled="true" level="WARNING" enabled_by_default="true" />
  <inspection_tool class="NestedFunctionCallJS" enabled="true" level="WARNING" enabled_by_default="true" />
  <inspection_tool class="NestedFunctionJS" enabled="true" level="WARNING" enabled_by_default="true">
    <option name="m_includeAnonymousFunctions" value="false" />
  </inspection_tool>
  <inspection_tool class="NestedSwitchStatementJS" enabled="true" level="WARNING" enabled_by_default="true" />
  <inspection_tool class="NestingDepthJS" enabled="true" level="WARNING" enabled_by_default="true">
    <option name="m_limit" value="5" />
  </inspection_tool>
  <inspection_tool class="NonBlockStatementBodyJS" enabled="true" level="WARNING" enabled_by_default="true" />
  <inspection_tool class="NonShortCircuitBooleanExpressionJS" enabled="true" level="WARNING" enabled_by_default="true" />
  <inspection_tool class="ObjectAllocationIgnoredJS" enabled="true" level="WARNING" enabled_by_default="true" />
  <inspection_tool class="OverlyComplexArithmeticExpressionJS" enabled="true" level="WARNING" enabled_by_default="true">
    <option name="m_limit" value="6" />
  </inspection_tool>
  <inspection_tool class="OverlyComplexBooleanExpressionJS" enabled="true" level="WARNING" enabled_by_default="true">
    <option name="m_limit" value="3" />
  </inspection_tool>
  <inspection_tool class="ParameterNamingConventionJS" enabled="true" level="WARNING" enabled_by_default="true">
    <option name="m_regex" value="[a-z][A-Za-z]*" />
    <option name="m_minLength" value="1" />
    <option name="m_maxLength" value="32" />
  </inspection_tool>
  <inspection_tool class="ParametersPerFunctionJS" enabled="true" level="WARNING" enabled_by_default="true">
    <option name="m_limit" value="5" />
  </inspection_tool>
  <inspection_tool class="PlatformDetectionJS" enabled="true" level="WARNING" enabled_by_default="true" />
  <inspection_tool class="Puppet3Deprecations" enabled="false" level="WARNING" enabled_by_default="false" />
  <inspection_tool class="Puppet4Deprecations" enabled="false" level="WARNING" enabled_by_default="false" />
  <inspection_tool class="PuppetEnableLibraries" enabled="false" level="WARNING" enabled_by_default="false" />
  <inspection_tool class="PuppetMultipleHashSetParamsPerResourceInstance" enabled="false" level="ERROR" enabled_by_default="false" />
  <inspection_tool class="PuppetUnresolved" enabled="false" level="WARNING" enabled_by_default="false" />
  <inspection_tool class="PyAssignmentToLoopOrWithParameterInspection" enabled="false" level="WEAK WARNING" enabled_by_default="false" />
  <inspection_tool class="PyAugmentAssignmentInspection" enabled="false" level="WEAK WARNING" enabled_by_default="false" />
  <inspection_tool class="PyBehaveInspection" enabled="true" level="WARNING" enabled_by_default="true" />
  <inspection_tool class="PyClassicStyleClassInspection" enabled="true" level="WARNING" enabled_by_default="true" />
  <inspection_tool class="PyCompatibilityInspection" enabled="true" level="WARNING" enabled_by_default="true">
    <option name="ourVersions">
      <value>
        <list size="1">
          <item index="0" class="java.lang.String" itemvalue="3.6" />
        </list>
      </value>
    </option>
  </inspection_tool>
  <inspection_tool class="PyDocstringTypesInspection" enabled="false" level="WEAK WARNING" enabled_by_default="false" />
  <inspection_tool class="PyMandatoryEncodingInspection" enabled="true" level="WARNING" enabled_by_default="true" />
  <inspection_tool class="PyMissingTypeHintsInspection" enabled="true" level="WEAK WARNING" enabled_by_default="true" />
  <inspection_tool class="PyNoneFunctionAssignmentInspection" enabled="false" level="WEAK WARNING" enabled_by_default="false" />
  <inspection_tool class="PyPackageRequirementsInspection" enabled="true" level="WARNING" enabled_by_default="true">
    <option name="ignoredPackages">
      <value>
        <list size="85">
          <item index="0" class="java.lang.String" itemvalue="factory-boy" />
          <item index="1" class="java.lang.String" itemvalue="Babel" />
          <item index="2" class="java.lang.String" itemvalue="python-dateutil" />
          <item index="3" class="java.lang.String" itemvalue="psycopg2" />
          <item index="4" class="java.lang.String" itemvalue="defusedxml" />
          <item index="5" class="java.lang.String" itemvalue="rfc3987" />
          <item index="6" class="java.lang.String" itemvalue="feedparser" />
          <item index="7" class="java.lang.String" itemvalue="redis" />
          <item index="8" class="java.lang.String" itemvalue="elasticsearch" />
          <item index="9" class="java.lang.String" itemvalue="flake8-debugger" />
          <item index="10" class="java.lang.String" itemvalue="oauthlib" />
          <item index="11" class="java.lang.String" itemvalue="lxml" />
          <item index="12" class="java.lang.String" itemvalue="zxcvbn-py3" />
          <item index="13" class="java.lang.String" itemvalue="jsonschema" />
          <item index="14" class="java.lang.String" itemvalue="django-markitup" />
          <item index="15" class="java.lang.String" itemvalue="sphinxcontrib-httpdomain" />
          <item index="16" class="java.lang.String" itemvalue="attrdict" />
          <item index="17" class="java.lang.String" itemvalue="django-modeltranslation" />
          <item index="18" class="java.lang.String" itemvalue="doc8" />
          <item index="19" class="java.lang.String" itemvalue="django-mptt" />
          <item index="20" class="java.lang.String" itemvalue="django-mobile" />
          <item index="21" class="java.lang.String" itemvalue="microdata" />
          <item index="22" class="java.lang.String" itemvalue="elasticsearch-dsl" />
          <item index="23" class="java.lang.String" itemvalue="pytils" />
          <item index="24" class="java.lang.String" itemvalue="decorator" />
          <item index="25" class="java.lang.String" itemvalue="django-push-notifications" />
          <item index="26" class="java.lang.String" itemvalue="sorl-thumbnail" />
          <item index="27" class="java.lang.String" itemvalue="requests" />
          <item index="28" class="java.lang.String" itemvalue="Jinja2" />
          <item index="29" class="java.lang.String" itemvalue="flake8" />
          <item index="30" class="java.lang.String" itemvalue="restructuredtext-lint" />
          <item index="31" class="java.lang.String" itemvalue="requests-oauthlib" />
          <item index="32" class="java.lang.String" itemvalue="celery" />
          <item index="33" class="java.lang.String" itemvalue="freezegun" />
          <item index="34" class="java.lang.String" itemvalue="drf-nested-routers" />
          <item index="35" class="java.lang.String" itemvalue="django-admin-sortable2" />
          <item index="36" class="java.lang.String" itemvalue="djangorestframework" />
          <item index="37" class="java.lang.String" itemvalue="flake8-comprehensions" />
          <item index="38" class="java.lang.String" itemvalue="coverage" />
          <item index="39" class="java.lang.String" itemvalue="funcy" />
          <item index="40" class="java.lang.String" itemvalue="draftjs_exporter" />
          <item index="41" class="java.lang.String" itemvalue="django-babel" />
          <item index="42" class="java.lang.String" itemvalue="pymongo" />
          <item index="43" class="java.lang.String" itemvalue="raven" />
          <item index="44" class="java.lang.String" itemvalue="phonenumbers" />
          <item index="45" class="java.lang.String" itemvalue="sphinx-rtd-theme" />
          <item index="46" class="java.lang.String" itemvalue="maxminddb" />
          <item index="47" class="java.lang.String" itemvalue="PyHamcrest" />
          <item index="48" class="java.lang.String" itemvalue="django-debug-toolbar" />
          <item index="49" class="java.lang.String" itemvalue="cynic3" />
          <item index="50" class="java.lang.String" itemvalue="rauth" />
          <item index="51" class="java.lang.String" itemvalue="social-auth-core" />
          <item index="52" class="java.lang.String" itemvalue="mistune" />
          <item index="53" class="java.lang.String" itemvalue="xmljson" />
          <item index="54" class="java.lang.String" itemvalue="django-grappelli" />
          <item index="55" class="java.lang.String" itemvalue="user-agents" />
          <item index="56" class="java.lang.String" itemvalue="django-money" />
          <item index="57" class="java.lang.String" itemvalue="social-auth-app-django" />
          <item index="58" class="java.lang.String" itemvalue="Sphinx" />
          <item index="59" class="java.lang.String" itemvalue="Django" />
          <item index="60" class="java.lang.String" itemvalue="django-redis" />
          <item index="61" class="java.lang.String" itemvalue="progress" />
          <item index="62" class="java.lang.String" itemvalue="isort" />
          <item index="63" class="java.lang.String" itemvalue="geoip2" />
          <item index="64" class="java.lang.String" itemvalue="Pillow" />
          <item index="65" class="java.lang.String" itemvalue="ujson" />
          <item index="66" class="java.lang.String" itemvalue="pip-tools" />
          <item index="67" class="java.lang.String" itemvalue="short-url" />
          <item index="68" class="java.lang.String" itemvalue="psycopg2-binary" />
          <item index="69" class="java.lang.String" itemvalue="flake8-print" />
          <item index="70" class="java.lang.String" itemvalue="django-abnorm" />
          <item index="71" class="java.lang.String" itemvalue="funcy-1.10.3" />
          <item index="72" class="java.lang.String" itemvalue="sphinx" />
          <item index="73" class="java.lang.String" itemvalue="httmock" />
          <item index="74" class="java.lang.String" itemvalue="django-choice-object" />
          <item index="75" class="java.lang.String" itemvalue="marshmallow" />
          <item index="76" class="java.lang.String" itemvalue="Flask-WTF" />
          <item index="77" class="java.lang.String" itemvalue="Flask-Babel" />
          <item index="78" class="java.lang.String" itemvalue="Flask-Login" />
          <item index="79" class="java.lang.String" itemvalue="Flask" />
          <item index="80" class="java.lang.String" itemvalue="oauth2client" />
          <item index="81" class="java.lang.String" itemvalue="computer" />
          <item index="82" class="java.lang.String" itemvalue="google-api-python-client" />
          <item index="83" class="java.lang.String" itemvalue="django-filter" />
          <item index="84" class="java.lang.String" itemvalue="flake8-per-file-ignores" />
        </list>
      </value>
    </option>
  </inspection_tool>
  <inspection_tool class="PyPropertyAccessInspection" enabled="false" level="WARNING" enabled_by_default="false" />
  <inspection_tool class="PyProtectedMemberInspection" enabled="false" level="WEAK WARNING" enabled_by_default="false" />
  <inspection_tool class="Query_bound_parameters" enabled="false" level="WARNING" enabled_by_default="false" />
  <inspection_tool class="Query_index_required" enabled="false" level="WARNING" enabled_by_default="false" />
  <inspection_tool class="Query_restricted" enabled="false" level="WARNING" enabled_by_default="false" />
  <inspection_tool class="ReplaceAssignmentWithOperatorAssignmentJS" enabled="true" level="WARNING" enabled_by_default="true" />
  <inspection_tool class="Restricted_Python_calls" enabled="false" level="WARNING" enabled_by_default="false" />
  <inspection_tool class="ReuseOfLocalVariableJS" enabled="true" level="WARNING" enabled_by_default="true" />
  <inspection_tool class="SassScssResolvedByNameOnly" enabled="false" level="WEAK WARNING" enabled_by_default="false" />
  <inspection_tool class="SassScssUnresolvedMixin" enabled="false" level="WARNING" enabled_by_default="false" />
  <inspection_tool class="SassScssUnresolvedPlaceholderSelector" enabled="false" level="WARNING" enabled_by_default="false" />
  <inspection_tool class="SassScssUnresolvedVariable" enabled="false" level="WARNING" enabled_by_default="false" />
  <inspection_tool class="SpellCheckingInspection" enabled="false" level="TYPO" enabled_by_default="false">
    <option name="processCode" value="true" />
    <option name="processLiterals" value="true" />
    <option name="processComments" value="true" />
  </inspection_tool>
  <inspection_tool class="SqlAddNotNullColumnInspection" enabled="false" level="WARNING" enabled_by_default="false" />
  <inspection_tool class="SqlAmbiguousColumnInspection" enabled="false" level="WARNING" enabled_by_default="false" />
  <inspection_tool class="SqlAutoIncrementDuplicateInspection" enabled="false" level="WARNING" enabled_by_default="false" />
  <inspection_tool class="SqlCheckUsingColumnsInspection" enabled="false" level="WARNING" enabled_by_default="false" />
  <inspection_tool class="SqlConstantConditionInspection" enabled="false" level="WARNING" enabled_by_default="false" />
  <inspection_tool class="SqlDeprecateTypeInspection" enabled="false" level="WARNING" enabled_by_default="false" />
  <inspection_tool class="SqlDerivedTableAliasInspection" enabled="false" level="WARNING" enabled_by_default="false" />
  <inspection_tool class="SqlDialectInspection" enabled="false" level="WARNING" enabled_by_default="false" />
  <inspection_tool class="SqlDropIndexedColumnInspection" enabled="false" level="WARNING" enabled_by_default="false" />
  <inspection_tool class="SqlIdentifierInspection" enabled="false" level="WARNING" enabled_by_default="false" />
  <inspection_tool class="SqlInsertValuesInspection" enabled="false" level="WARNING" enabled_by_default="false" />
  <inspection_tool class="SqlNoDataSourceInspection" enabled="false" level="WARNING" enabled_by_default="false" />
  <inspection_tool class="SqlNullComparisonInspection" enabled="false" level="WARNING" enabled_by_default="false" />
  <inspection_tool class="SqlPostgresqlSelectFromProcedureInspection" enabled="false" level="WARNING" enabled_by_default="false" />
  <inspection_tool class="SqlResolveInspection" enabled="false" level="WARNING" enabled_by_default="false" />
  <inspection_tool class="SqlShouldBeInGroupByInspection" enabled="false" level="WARNING" enabled_by_default="false" />
  <inspection_tool class="SqlSignatureInspection" enabled="false" level="WARNING" enabled_by_default="false" />
  <inspection_tool class="SqlTypeInspection" enabled="false" level="WARNING" enabled_by_default="false" />
  <inspection_tool class="SqlUnusedVariableInspection" enabled="false" level="WARNING" enabled_by_default="false" />
  <inspection_tool class="StatementsPerFunctionJS" enabled="true" level="WARNING" enabled_by_default="true">
    <option name="m_limit" value="30" />
  </inspection_tool>
  <inspection_tool class="StringLiteralBreaksHTMLJS" enabled="true" level="WARNING" enabled_by_default="true" />
  <inspection_tool class="SwitchStatementWithNoDefaultBranchJS" enabled="true" level="WARNING" enabled_by_default="true" />
  <inspection_tool class="TailRecursionJS" enabled="true" level="WARNING" enabled_by_default="true" />
  <inspection_tool class="TextLabelInSwitchStatementJS" enabled="true" level="WARNING" enabled_by_default="true" />
  <inspection_tool class="ThreeNegationsPerFunctionJS" enabled="true" level="WARNING" enabled_by_default="true" />
  <inspection_tool class="TypeScriptAccessibilityCheck" enabled="false" level="WEAK WARNING" enabled_by_default="false" />
  <inspection_tool class="TypeScriptCheckImport" enabled="false" level="ERROR" enabled_by_default="false" />
  <inspection_tool class="TypeScriptPreferShortImport" enabled="false" level="WARNING" enabled_by_default="false" />
  <inspection_tool class="TypeScriptUnresolvedFunction" enabled="false" level="WEAK WARNING" enabled_by_default="false" />
  <inspection_tool class="TypeScriptUnresolvedVariable" enabled="false" level="WEAK WARNING" enabled_by_default="false" />
  <inspection_tool class="TypeScriptValidateJSTypes" enabled="false" level="WEAK WARNING" enabled_by_default="false" />
  <inspection_tool class="TypeScriptValidateTypes" enabled="false" level="ERROR" enabled_by_default="false" />
  <inspection_tool class="UnresolvedReference" enabled="false" level="ERROR" enabled_by_default="false" />
  <inspection_tool class="UnusedCatchParameterJS" enabled="true" level="WARNING" enabled_by_default="true">
    <option name="m_ignoreCatchBlocksWithComments" value="false" />
  </inspection_tool>
  <inspection_tool class="VoidExpressionJS" enabled="true" level="WARNING" enabled_by_default="true" />
  <inspection_tool class="XHTMLIncompatabilitiesJS" enabled="true" level="WARNING" enabled_by_default="true" />
</profile>