<keymap version="1" name="Default for XWin copy" parent="Default for XWin">
  <action id="$Copy">
    <keyboard-shortcut first-keystroke="ctrl c" />
    <keyboard-shortcut first-keystroke="meta c" />
  </action>
  <action id="$Cut">
    <keyboard-shortcut first-keystroke="ctrl x" />
    <keyboard-shortcut first-keystroke="shift delete" />
    <keyboard-shortcut first-keystroke="meta x" />
  </action>
  <action id="$Paste">
    <keyboard-shortcut first-keystroke="ctrl v" />
    <keyboard-shortcut first-keystroke="meta v" />
  </action>
  <action id="$Redo">
    <keyboard-shortcut first-keystroke="shift ctrl z" />
    <keyboard-shortcut first-keystroke="shift alt back_space" />
    <keyboard-shortcut first-keystroke="shift meta z" />
  </action>
  <action id="$Undo">
    <keyboard-shortcut first-keystroke="ctrl z" />
    <keyboard-shortcut first-keystroke="alt back_space" />
    <keyboard-shortcut first-keystroke="meta z" />
  </action>
  <action id="ActivateDebugToolWindow">
    <keyboard-shortcut first-keystroke="alt 5" />
    <keyboard-shortcut first-keystroke="alt 3" />
  </action>
  <action id="ActivateFavoritesToolWindow" />
  <action id="ActivateFindToolWindow" />
  <action id="ActivateRunToolWindow">
    <keyboard-shortcut first-keystroke="alt 2" />
  </action>
  <action id="ActivateVersionControlToolWindow">
    <keyboard-shortcut first-keystroke="alt 9" />
    <keyboard-shortcut first-keystroke="alt 4" />
  </action>
  <action id="CloseContent">
    <keyboard-shortcut first-keystroke="ctrl f4" />
    <keyboard-shortcut first-keystroke="ctrl w" />
    <keyboard-shortcut first-keystroke="meta w" />
  </action>
  <action id="Editor Copy">
    <keyboard-shortcut first-keystroke="meta c" />
  </action>
  <action id="Editor Cut">
    <keyboard-shortcut first-keystroke="meta x" />
  </action>
  <action id="Editor Paste">
    <keyboard-shortcut first-keystroke="meta v" />
  </action>
  <action id="Editor Redo">
    <keyboard-shortcut first-keystroke="shift meta z" />
  </action>
  <action id="Editor Undo">
    <keyboard-shortcut first-keystroke="meta z" />
  </action>
  <action id="EditorDeleteLine">
    <keyboard-shortcut first-keystroke="ctrl y" />
    <keyboard-shortcut first-keystroke="meta back_space" />
  </action>
  <action id="EditorPasteFromX11" />
  <action id="EditorSelectWord" />
  <action id="EvaluateExpression">
    <keyboard-shortcut first-keystroke="alt f8" />
    <mouse-shortcut keystroke="button2" />
  </action>
  <action id="Find">
    <keyboard-shortcut first-keystroke="ctrl f" />
    <keyboard-shortcut first-keystroke="alt f3" />
    <keyboard-shortcut first-keystroke="meta f" />
  </action>
  <action id="FindInPath">
    <keyboard-shortcut first-keystroke="shift ctrl f" />
    <keyboard-shortcut first-keystroke="shift meta f" />
  </action>
  <action id="GotoTest" />
  <action id="Images.ShowThumbnails" />
  <action id="QuickChangeScheme" />
  <action id="ReopenClosedTab">
    <keyboard-shortcut first-keystroke="shift ctrl t" />
    <keyboard-shortcut first-keystroke="shift meta t" />
  </action>
  <action id="SwitchApply">
    <keyboard-shortcut first-keystroke="shift alt enter" />
  </action>
  <action id="SwitchDown">
    <keyboard-shortcut first-keystroke="shift alt down" />
  </action>
  <action id="SwitchLeft">
    <keyboard-shortcut first-keystroke="shift alt left" />
  </action>
  <action id="SwitchRight">
    <keyboard-shortcut first-keystroke="shift alt right" />
  </action>
  <action id="SwitchUp">
    <keyboard-shortcut first-keystroke="shift alt up" />
  </action>
  <action id="TableResult.GrowSelection" />
  <action id="ViewToolBar">
    <keyboard-shortcut first-keystroke="ctrl back_quote" />
    <keyboard-shortcut first-keystroke="ctrl #10000a7" />
  </action>
  <action id="com.wix.rt.switch" />
</keymap>