<keymap version="1" name="Mac OS X copy" parent="Mac OS X">
  <action id="ActivateDebugToolWindow">
    <keyboard-shortcut first-keystroke="meta 5" />
    <keyboard-shortcut first-keystroke="meta 3" />
  </action>
  <action id="ActivateFavoritesToolWindow" />
  <action id="ActivateRunToolWindow">
    <keyboard-shortcut first-keystroke="meta 4" />
    <keyboard-shortcut first-keystroke="meta 2" />
  </action>
  <action id="CloseContent">
    <keyboard-shortcut first-keystroke="meta f4" />
    <keyboard-shortcut first-keystroke="meta w" />
  </action>
  <action id="Console.Execute.Multiline" />
  <action id="DirDiffMenu.SynchronizeDiff.All" />
  <action id="DuplicatesForm.SendToRight" />
  <action id="EditorSelectWord" />
  <action id="EditorSplitLine" />
  <action id="FileChooser.GotoProject" />
  <action id="FindInPath">
    <keyboard-shortcut first-keystroke="shift ctrl f" />
    <keyboard-shortcut first-keystroke="shift meta f" />
  </action>
  <action id="GotoTest" />
  <action id="Images.ShowThumbnails" />
  <action id="ReopenClosedTab">
    <keyboard-shortcut first-keystroke="shift meta t" />
  </action>
  <action id="RunDashboard.ShowConfigurations" />
  <action id="ShowIntentionActions">
    <keyboard-shortcut first-keystroke="alt enter" />
    <keyboard-shortcut first-keystroke="meta enter" />
  </action>
  <action id="ViewSource" />
  <action id="ViewToolBar">
    <keyboard-shortcut first-keystroke="ctrl #10000a7" />
  </action>
</keymap>