<application>
  <component name="NotificationConfiguration">
    <notification groupId="Docker: Dockerfile detection" displayType="NONE" shouldLog="false" />
    <notification groupId="File Watcher Messages" displayType="NONE" shouldLog="false" />
    <notification groupId="Platform and Plugin Updates" displayType="NONE" shouldLog="false" />
    <notification groupId="Plugins Suggestion" displayType="STICKY_BALLOON" shouldLog="false" />
    <notification groupId="Power Save Mode" shouldLog="false" />
    <notification groupId="System Health" displayType="STICKY_BALLOON" />
    <notification groupId="System Health (minor)" />
  </component>
</application>