<application>
  <component name="ProjectManager">
    <defaultProject>
      <component name="ProjectRootManager" version="2" project-jdk-name="Python 3.6 (analytics)" project-jdk-type="Python SDK" />
      <component name="PropertiesComponent">
        <property name="last_opened_file_path" value="$USER_HOME$/dev/env/analyzer/bin/python" />
        <property name="nodejs_interpreter_path" value="/usr/bin/node" />
        <property name="settings.editor.selected.configurable" value="com.jetbrains.python.configuration.PyActiveSdkModuleConfigurable" />
      </component>
    </defaultProject>
  </component>
</application>